State,Year,Total Population,Median Household Income
Alabama,2005,4442558,36879
Alabama,2006,4599030,38783
Alabama,2007,4627851,40554
Alabama,2008,4661900,42666
Alabama,2009,4708708,40489
Alabama,2010,4785298,40474
Alabama,2011,4802740,41415
Alabama,2012,4822023,41574
Alabama,2013,4833722,42849
Alabama,2014,4849377,42830
Alabama,2015,4858979,44765
Alabama,2016,4863300,46257
Alabama,2017,4874747,48123
Alabama,2018,4887871,49861
Alabama,2019,4903185,51734
Alabama,2021,5039877,53913
Alabama,2022,5074296,59674
Alabama,2023,5108468,62212
Alaska,2005,641724,56234
Alaska,2006,670053,59393
Alaska,2007,683478,64333
Alaska,2008,686293,68460
Alaska,2009,698473,66953
Alaska,2010,713985,64576
Alaska,2011,722718,67825
Alaska,2012,731449,67712
Alaska,2013,735132,72237
Alaska,2014,736732,71583
Alaska,2015,738432,73355
Alaska,2016,741894,76440
Alaska,2017,739795,73181
Alaska,2018,737438,74346
Alaska,2019,731545,75463
Alaska,2021,732673,77845
Alaska,2022,733583,88121
Alaska,2023,733406,86631
Arizona,2005,5829839,44282
Arizona,2006,6166318,47265
Arizona,2007,6338755,49889
Arizona,2008,6500180,50958
Arizona,2009,6595778,48745
Arizona,2010,6413737,46789
Arizona,2011,6482505,46709
Arizona,2012,6553255,47826
Arizona,2013,6626624,48510
Arizona,2014,6731484,50068
Arizona,2015,6828065,51492
Arizona,2016,6931071,53558
Arizona,2017,7016270,56581
Arizona,2018,7171646,59246
Arizona,2019,7278717,62055
Arizona,2021,7276316,69056
Arizona,2022,7359197,74568
Arizona,2023,7431344,77315
Arkansas,2005,2701431,34999
Arkansas,2006,2810872,36599
Arkansas,2007,2834797,38134
Arkansas,2008,2855390,38815
Arkansas,2009,2889450,37823
Arkansas,2010,2921606,38307
Arkansas,2011,2937979,38758
Arkansas,2012,2949131,40112
Arkansas,2013,2959373,40511
Arkansas,2014,2966369,41262
Arkansas,2015,2978204,41995
Arkansas,2016,2988248,44334
Arkansas,2017,3004279,45869
Arkansas,2018,3013825,47062
Arkansas,2019,3017804,48952
Arkansas,2021,3025891,52528
Arkansas,2022,3045637,55432
Arkansas,2023,3067732,58700
California,2005,35278768,53629
California,2006,36457549,56645
California,2007,36553215,59948
California,2008,36756666,61021
California,2009,36961664,58931
California,2010,37349363,57708
California,2011,37691912,57287
California,2012,38041430,58328
California,2013,38332521,60190
California,2014,38802500,61933
California,2015,39144818,64500
California,2016,39250017,67739
California,2017,39536653,71805
California,2018,39557045,75277
California,2019,39512223,80440
California,2021,39237836,84907
California,2022,39029342,91551
California,2023,38965193,95521
Colorado,2005,4562244,50652
Colorado,2006,4753377,52015
Colorado,2007,4861515,55212
Colorado,2008,4939456,56993
Colorado,2009,5024748,55430
Colorado,2010,5049071,54046
Colorado,2011,5116796,55387
Colorado,2012,5187582,56765
Colorado,2013,5268367,58823
Colorado,2014,5355866,61303
Colorado,2015,5456574,63909
Colorado,2016,5540545,65685
Colorado,2017,5607154,69117
Colorado,2018,5695564,71953
Colorado,2019,5758736,77127
Colorado,2021,5812069,82254
Colorado,2022,5839926,89302
Colorado,2023,5877610,92911
Connecticut,2005,3394751,60941
Connecticut,2006,3504809,63422
Connecticut,2007,3502309,65967
Connecticut,2008,3501252,68595
Connecticut,2009,3518288,67034
Connecticut,2010,3577073,64032
Connecticut,2011,3580709,65753
Connecticut,2012,3590347,67276
Connecticut,2013,3596080,67098
Connecticut,2014,3596677,70048
Connecticut,2015,3590886,71346
Connecticut,2016,3576452,73433
Connecticut,2017,3588184,74168
Connecticut,2018,3572665,76348
Connecticut,2019,3565287,78833
Connecticut,2021,3605597,83771
Connecticut,2022,3626205,88429
Connecticut,2023,3617176,91665
Delaware,2005,818587,52499
Delaware,2006,853476,52833
Delaware,2007,864764,54610
Delaware,2008,873092,57989
Delaware,2009,885122,56860
Delaware,2010,899769,55847
Delaware,2011,907135,58814
Delaware,2012,917092,58415
Delaware,2013,925749,57846
Delaware,2014,935614,59716
Delaware,2015,945934,61255
Delaware,2016,952065,61757
Delaware,2017,961939,62852
Delaware,2018,967171,64805
Delaware,2019,973764,70176
Delaware,2021,1003384,71091
Delaware,2022,1018396,82174
Delaware,2023,1031890,81361
District of Columbia,2005,515118,47221
District of Columbia,2006,581530,51847
District of Columbia,2007,588292,54317
District of Columbia,2008,591833,57936
District of Columbia,2009,599657,59290
District of Columbia,2010,604453,60903
District of Columbia,2011,617996,63124
District of Columbia,2012,632323,66583
District of Columbia,2013,646449,67572
District of Columbia,2014,658893,71648
District of Columbia,2015,672228,75628
District of Columbia,2016,681170,75506
District of Columbia,2017,693972,82372
District of Columbia,2018,702455,85203
District of Columbia,2019,705749,92266
District of Columbia,2021,670050,90088
District of Columbia,2022,671803,101027
District of Columbia,2023,678972,108210
Florida,2005,17382511,42433
Florida,2006,18089889,45495
Florida,2007,18251243,47804
Florida,2008,18328340,47778
Florida,2009,18537969,44736
Florida,2010,18843326,44409
Florida,2011,19057542,44299
Florida,2012,19317568,45040
Florida,2013,19552860,46036
Florida,2014,19893297,47463
Florida,2015,20271272,49426
Florida,2016,20612439,50860
Florida,2017,20984400,52594
Florida,2018,21299325,55462
Florida,2019,21477737,59227
Florida,2021,21781128,63062
Florida,2022,22244823,69303
Florida,2023,22610726,73311
Georgia,2005,8821142,45604
Georgia,2006,9363941,46832
Georgia,2007,9544750,49136
Georgia,2008,9685744,50861
Georgia,2009,9829211,47590
Georgia,2010,9712587,46430
Georgia,2011,9815210,46007
Georgia,2012,9919945,47209
Georgia,2013,9992167,47829
Georgia,2014,10097343,49321
Georgia,2015,10214860,51244
Georgia,2016,10310371,53559
Georgia,2017,10429379,56183
Georgia,2018,10519475,58756
Georgia,2019,10617423,61980
Georgia,2021,10799566,66559
Georgia,2022,10912876,72837
Georgia,2023,11029227,74632
Hawaii,2005,1238158,58112
Hawaii,2006,1285498,61160
Hawaii,2007,1283388,63746
Hawaii,2008,1288198,67214
Hawaii,2009,1295178,64098
Hawaii,2010,1363621,63030
Hawaii,2011,1374810,61821
Hawaii,2012,1392313,66259
Hawaii,2013,1404054,68020
Hawaii,2014,1419561,69592
Hawaii,2015,1431603,73486
Hawaii,2016,1428557,74511
Hawaii,2017,1427538,77765
Hawaii,2018,1420491,80212
Hawaii,2019,1415872,83102
Hawaii,2021,1441553,84857
Hawaii,2022,1440196,92458
Hawaii,2023,1435138,95322
Idaho,2005,1395634,41443
Idaho,2006,1466465,42865
Idaho,2007,1499402,46253
Idaho,2008,1523816,47576
Idaho,2009,1545801,44926
Idaho,2010,1571450,43490
Idaho,2011,1584985,43341
Idaho,2012,1595728,45489
Idaho,2013,1612136,46783
Idaho,2014,1634464,47861
Idaho,2015,1654930,48275
Idaho,2016,1683140,51807
Idaho,2017,1716943,52225
Idaho,2018,1754208,55583
Idaho,2019,1787065,60999
Idaho,2021,1900923,66474
Idaho,2022,1939033,72785
Idaho,2023,1964726,74942
Illinois,2005,12440351,50260
Illinois,2006,12831970,52006
Illinois,2007,12852548,54124
Illinois,2008,12901564,56235
Illinois,2009,12910409,53966
Illinois,2010,12843166,52972
Illinois,2011,12869259,53234
Illinois,2012,12875255,55137
Illinois,2013,12882135,56210
Illinois,2014,12880580,57444
Illinois,2015,12859995,59588
Illinois,2016,12801539,60960
Illinois,2017,12802023,62992
Illinois,2018,12741080,65030
Illinois,2019,12671821,69187
Illinois,2021,12671469,72205
Illinois,2022,12582032,76708
Illinois,2023,12549689,80306
Indiana,2005,6093372,43993
Indiana,2006,6313520,45394
Indiana,2007,6345289,47448
Indiana,2008,6376792,47966
Indiana,2009,6423113,45424
Indiana,2010,6490621,44613
Indiana,2011,6516922,46438
Indiana,2012,6537334,46974
Indiana,2013,6570902,47529
Indiana,2014,6596855,49446
Indiana,2015,6619680,50532
Indiana,2016,6633053,52314
Indiana,2017,6666818,54181
Indiana,2018,6691878,55746
Indiana,2019,6732219,57603
Indiana,2021,6805985,62743
Indiana,2022,6833037,66785
Indiana,2023,6862199,69477
Iowa,2005,2862541,43609
Iowa,2006,2982085,44491
Iowa,2007,2988047,47292
Iowa,2008,3002557,48980
Iowa,2009,3007857,48044
Iowa,2010,3049883,47961
Iowa,2011,3062309,49427
Iowa,2012,3074186,50957
Iowa,2013,3090416,52229
Iowa,2014,3107126,53712
Iowa,2015,3123899,54736
Iowa,2016,3134693,56247
Iowa,2017,3145711,58570
Iowa,2018,3156145,59955
Iowa,2019,3155070,61691
Iowa,2021,3193079,65600
Iowa,2022,3200517,69588
Iowa,2023,3207004,71433
Kansas,2005,2662616,42920
Kansas,2006,2764075,45478
Kansas,2007,2775997,47451
Kansas,2008,2802134,50177
Kansas,2009,2818747,47817
Kansas,2010,2859169,48257
Kansas,2011,2871238,48964
Kansas,2012,2885905,50241
Kansas,2013,2893957,50972
Kansas,2014,2904021,52504
Kansas,2015,2911641,53906
Kansas,2016,2907289,54935
Kansas,2017,2913123,56422
Kansas,2018,2911510,58218
Kansas,2019,2913314,62087
Kansas,2021,2934582,64124
Kansas,2022,2937150,68925
Kansas,2023,2940547,70333
Kentucky,2005,4058633,37369
Kentucky,2006,4206074,39372
Kentucky,2007,4241474,40267
Kentucky,2008,4269245,41538
Kentucky,2009,4314113,40072
Kentucky,2010,4346266,40062
Kentucky,2011,4369356,41141
Kentucky,2012,4380415,41724
Kentucky,2013,4395295,43399
Kentucky,2014,4413457,42958
Kentucky,2015,4425092,45215
Kentucky,2016,4436974,46659
Kentucky,2017,4454189,48375
Kentucky,2018,4468402,50247
Kentucky,2019,4467673,52295
Kentucky,2021,4509394,55573
Kentucky,2022,4512310,59341
Kentucky,2023,4526154,61118
Louisiana,2005,4389747,36729
Louisiana,2006,4287768,39337
Louisiana,2007,4293204,40926
Louisiana,2008,4410796,43733
Louisiana,2009,4492076,42492
Louisiana,2010,4544228,42505
Louisiana,2011,4574836,41734
Louisiana,2012,4601893,42944
Louisiana,2013,4625470,44164
Louisiana,2014,4649676,44555
Louisiana,2015,4670724,45727
Louisiana,2016,4681666,45146
Louisiana,2017,4684333,46145
Louisiana,2018,4659978,47905
Louisiana,2019,4648794,51073
Louisiana,2021,4624047,52087
Louisiana,2022,4590241,55416
Louisiana,2023,4573749,58229
Maine,2005,1283673,42801
Maine,2006,1321574,43439
Maine,2007,1317207,45888
Maine,2008,1316456,46581
Maine,2009,1318301,45734
Maine,2010,1327567,45815
Maine,2011,1328188,46033
Maine,2012,1329192,46709
Maine,2013,1328302,46974
Maine,2014,1330089,49462
Maine,2015,1329328,51494
Maine,2016,1331479,53079
Maine,2017,1335907,56277
Maine,2018,1338404,55602
Maine,2019,1344212,58924
Maine,2021,1372247,64767
Maine,2022,1385340,69543
Maine,2023,1395722,73733
Maryland,2005,5461318,61592
Maryland,2006,5615727,65144
Maryland,2007,5618344,68080
Maryland,2008,5633597,70545
Maryland,2009,5699478,69272
Maryland,2010,5785982,68854
Maryland,2011,5828289,70004
Maryland,2012,5884563,71122
Maryland,2013,5928814,72483
Maryland,2014,5976407,73971
Maryland,2015,6006401,75847
Maryland,2016,6016447,78945
Maryland,2017,6052177,80776
Maryland,2018,6042718,83242
Maryland,2019,6045680,86738
Maryland,2021,6165129,90203
Maryland,2022,6164660,94991
Maryland,2023,6180253,98678
Massachusetts,2005,6182860,57184
Massachusetts,2006,6437193,59963
Massachusetts,2007,6449755,62365
Massachusetts,2008,6497967,65401
Massachusetts,2009,6593587,64081
Massachusetts,2010,6557254,62072
Massachusetts,2011,6587536,62859
Massachusetts,2012,6646144,65339
Massachusetts,2013,6692824,66768
Massachusetts,2014,6745408,69160
Massachusetts,2015,6794422,70628
Massachusetts,2016,6811779,75297
Massachusetts,2017,6859819,77385
Massachusetts,2018,6902149,79835
Massachusetts,2019,6892503,85843
Massachusetts,2021,6984723,89645
Massachusetts,2022,6981974,94488
Massachusetts,2023,7001399,99858
Michigan,2005,9865583,46039
Michigan,2006,10095643,47182
Michigan,2007,10071822,47950
Michigan,2008,10003422,48591
Michigan,2009,9969727,45255
Michigan,2010,9877574,45413
Michigan,2011,9876187,45981
Michigan,2012,9883360,46859
Michigan,2013,9895622,48273
Michigan,2014,9909877,49847
Michigan,2015,9922576,51084
Michigan,2016,9928300,52492
Michigan,2017,9962311,54909
Michigan,2018,9995915,56697
Michigan,2019,9986857,59584
Michigan,2021,10050811,63498
Michigan,2022,10034118,66986
Michigan,2023,10037261,69183
Minnesota,2005,4989848,52024
Minnesota,2006,5167101,54023
Minnesota,2007,5197621,55802
Minnesota,2008,5220393,57288
Minnesota,2009,5266215,55616
Minnesota,2010,5310584,55459
Minnesota,2011,5344861,56954
Minnesota,2012,5379139,58906
Minnesota,2013,5420380,60702
Minnesota,2014,5457173,61481
Minnesota,2015,5489594,63488
Minnesota,2016,5519952,65599
Minnesota,2017,5576606,68388
Minnesota,2018,5611179,70315
Minnesota,2019,5639632,74593
Minnesota,2021,5707390,77720
Minnesota,2022,5717184,82338
Minnesota,2023,5737915,85086
Mississippi,2005,2824156,32938
Mississippi,2006,2910540,34473
Mississippi,2007,2918785,36338
Mississippi,2008,2938618,37790
Mississippi,2009,2951996,36646
Mississippi,2010,2970036,36851
Mississippi,2011,2978512,36919
Mississippi,2012,2984926,37095
Mississippi,2013,2991207,37963
Mississippi,2014,2994079,39680
Mississippi,2015,2992333,40593
Mississippi,2016,2988726,41754
Mississippi,2017,2984100,43529
Mississippi,2018,2986530,44717
Mississippi,2019,2976149,45792
Mississippi,2021,2949965,48716
Mississippi,2022,2940057,52719
Mississippi,2023,2939690,54203
Missouri,2005,5631910,41974
Missouri,2006,5842713,42841
Missouri,2007,5878415,45114
Missouri,2008,5911605,46867
Missouri,2009,5987580,45229
Missouri,2010,5996231,44301
Missouri,2011,6010688,45247
Missouri,2012,6021988,45321
Missouri,2013,6044171,46931
Missouri,2014,6063589,48363
Missouri,2015,6083672,50238
Missouri,2016,6093000,51746
Missouri,2017,6113532,53578
Missouri,2018,6126452,54478
Missouri,2019,6137428,57409
Missouri,2021,6168187,61847
Missouri,2022,6177957,64811
Missouri,2023,6196156,68545
Montana,2005,910651,39301
Montana,2006,944632,40627
Montana,2007,957861,43531
Montana,2008,967440,43654
Montana,2009,974989,42322
Montana,2010,990898,42666
Montana,2011,998199,44222
Montana,2012,1005141,45076
Montana,2013,1015165,46972
Montana,2014,1023579,46328
Montana,2015,1032949,49509
Montana,2016,1042520,50027
Montana,2017,1050493,53386
Montana,2018,1062305,55328
Montana,2019,1068778,57153
Montana,2021,1104271,63249
Montana,2022,1122867,67631
Montana,2023,1132812,70804
Nebraska,2005,1706976,43849
Nebraska,2006,1768331,45474
Nebraska,2007,1774571,47085
Nebraska,2008,1783432,49693
Nebraska,2009,1796622,47357
Nebraska,2010,1830429,48408
Nebraska,2011,1842641,50296
Nebraska,2012,1855525,50723
Nebraska,2013,1868516,51440
Nebraska,2014,1881503,52686
Nebraska,2015,1896190,54996
Nebraska,2016,1907116,56927
Nebraska,2017,1920076,59970
Nebraska,2018,1929268,59566
Nebraska,2019,1934408,63229
Nebraska,2021,1963692,66817
Nebraska,2022,1967923,69597
Nebraska,2023,1978379,74590
Nevada,2005,2381281,49169
Nevada,2006,2495529,52998
Nevada,2007,2565382,55062
Nevada,2008,2600167,56361
Nevada,2009,2643085,53341
Nevada,2010,2704642,51001
Nevada,2011,2723322,48927
Nevada,2012,2758931,49760
Nevada,2013,2790136,51230
Nevada,2014,2839099,51450
Nevada,2015,2890845,52431
Nevada,2016,2940058,55180
Nevada,2017,2998039,58003
Nevada,2018,3034392,58646
Nevada,2019,3080156,63276
Nevada,2021,3143991,66274
Nevada,2022,3177772,72333
Nevada,2023,3194176,76364
New Hampshire,2005,1272486,56768
New Hampshire,2006,1314895,59683
New Hampshire,2007,1315828,62369
New Hampshire,2008,1315809,63731
New Hampshire,2009,1324575,60567
New Hampshire,2010,1316759,61042
New Hampshire,2011,1318194,62647
New Hampshire,2012,1320718,63280
New Hampshire,2013,1323459,64230
New Hampshire,2014,1326813,66532
New Hampshire,2015,1330608,70303
New Hampshire,2016,1334795,70936
New Hampshire,2017,1342795,73381
New Hampshire,2018,1356458,74991
New Hampshire,2019,1359711,77933
New Hampshire,2021,1388992,88465
New Hampshire,2022,1395231,89992
New Hampshire,2023,1402054,96838
New Jersey,2005,8521427,61672
New Jersey,2006,8724560,64470
New Jersey,2007,8685920,67035
New Jersey,2008,8682661,70378
New Jersey,2009,8707740,68342
New Jersey,2010,8801624,67681
New Jersey,2011,8821155,67458
New Jersey,2012,8864590,69667
New Jersey,2013,8899339,70165
New Jersey,2014,8938175,71919
New Jersey,2015,8958013,72222
New Jersey,2016,8944469,76126
New Jersey,2017,9005644,80088
New Jersey,2018,8908520,81740
New Jersey,2019,8882190,85751
New Jersey,2021,9267130,89296
New Jersey,2022,9261699,96346
New Jersey,2023,9290841,99781
New Mexico,2005,1887200,37492
New Mexico,2006,1954599,40629
New Mexico,2007,1969915,41452
New Mexico,2008,1984356,43508
New Mexico,2009,2009671,43028
New Mexico,2010,2065932,42090
New Mexico,2011,2082224,41963
New Mexico,2012,2085538,42558
New Mexico,2013,2085287,43872
New Mexico,2014,2085572,44803
New Mexico,2015,2085109,45382
New Mexico,2016,2081015,46748
New Mexico,2017,2088070,46744
New Mexico,2018,2095428,47169
New Mexico,2019,2096829,51945
New Mexico,2021,2115877,53992
New Mexico,2022,2113344,59726
New Mexico,2023,2114371,62268
New York,2005,18655275,49480
New York,2006,19306183,51384
New York,2007,19297729,53514
New York,2008,19490297,56033
New York,2009,19541453,54659
New York,2010,19392283,54148
New York,2011,19465197,55246
New York,2012,19570261,56448
New York,2013,19651127,57369
New York,2014,19746227,58878
New York,2015,19795791,60850
New York,2016,19745289,62909
New York,2017,19849399,64894
New York,2018,19542209,67844
New York,2019,19453561,72108
New York,2021,19835913,74314
New York,2022,19677151,79557
New York,2023,19571216,82095
North Carolina,2005,8411041,40729
North Carolina,2006,8856505,42625
North Carolina,2007,9061032,44670
North Carolina,2008,9222414,46549
North Carolina,2009,9380884,43674
North Carolina,2010,9561558,43326
North Carolina,2011,9656401,43916
North Carolina,2012,9752073,45150
North Carolina,2013,9848060,45906
North Carolina,2014,9943964,46556
North Carolina,2015,10042802,47830
North Carolina,2016,10146788,50584
North Carolina,2017,10273419,52752
North Carolina,2018,10383620,53855
North Carolina,2019,10488084,57341
North Carolina,2021,10551162,61972
North Carolina,2022,10698973,67481
North Carolina,2023,10835491,70804
North Dakota,2005,609645,41030
North Dakota,2006,635867,41919
North Dakota,2007,639715,43753
North Dakota,2008,641481,45685
North Dakota,2009,646844,47827
North Dakota,2010,674499,48670
North Dakota,2011,683932,51704
North Dakota,2012,699628,53585
North Dakota,2013,723393,55759
North Dakota,2014,739482,59029
North Dakota,2015,756928,60557
North Dakota,2016,757953,60656
North Dakota,2017,755393,61843
North Dakota,2018,760077,63837
North Dakota,2019,762062,64577
North Dakota,2021,774948,66519
North Dakota,2022,779261,71970
North Dakota,2023,783926,76525
Ohio,2005,11155606,43493
Ohio,2006,11478006,44532
Ohio,2007,11466917,46597
Ohio,2008,11485910,47988
Ohio,2009,11542645,45395
Ohio,2010,11536182,45090
Ohio,2011,11544951,45749
Ohio,2012,11544225,46829
Ohio,2013,11570808,48081
Ohio,2014,11594163,49308
Ohio,2015,11613423,51075
Ohio,2016,11614373,52334
Ohio,2017,11658609,54021
Ohio,2018,11689442,56111
Ohio,2019,11689100,58642
Ohio,2021,11780017,62262
Ohio,2022,11756058,65720
Ohio,2023,11785935,67769
Oklahoma,2005,3433496,37063
Oklahoma,2006,3579212,38770
Oklahoma,2007,3617316,41567
Oklahoma,2008,3642361,42822
Oklahoma,2009,3687050,41664
Oklahoma,2010,3761702,42072
Oklahoma,2011,3791508,43225
Oklahoma,2012,3814820,44312
Oklahoma,2013,3850568,45690
Oklahoma,2014,3878051,47529
Oklahoma,2015,3911338,48568
Oklahoma,2016,3923561,49176
Oklahoma,2017,3930864,50051
Oklahoma,2018,3943079,51924
Oklahoma,2019,3956971,54449
Oklahoma,2021,3986639,55826
Oklahoma,2022,4019800,59673
Oklahoma,2023,4053824,62138
Oregon,2005,3560109,42944
Oregon,2006,3700758,46230
Oregon,2007,3747455,48730
Oregon,2008,3790060,50169
Oregon,2009,3825657,48457
Oregon,2010,3838957,46560
Oregon,2011,3871859,46816
Oregon,2012,3899353,49161
Oregon,2013,3930065,50251
Oregon,2014,3970239,51075
Oregon,2015,4028977,54148
Oregon,2016,4093465,57532
Oregon,2017,4142776,60212
Oregon,2018,4190713,63426
Oregon,2019,4217737,67058
Oregon,2021,4246155,71562
Oregon,2022,4240137,75657
Oregon,2023,4233358,80160
Pennsylvania,2005,11979147,44537
Pennsylvania,2006,12440621,46259
Pennsylvania,2007,12432792,48576
Pennsylvania,2008,12448279,50713
Pennsylvania,2009,12604767,49520
Pennsylvania,2010,12709630,49288
Pennsylvania,2011,12742886,50228
Pennsylvania,2012,12763536,51230
Pennsylvania,2013,12773801,52007
Pennsylvania,2014,12787209,53234
Pennsylvania,2015,12802503,55702
Pennsylvania,2016,12784227,56907
Pennsylvania,2017,12805537,59195
Pennsylvania,2018,12807060,60905
Pennsylvania,2019,12801989,63463
Pennsylvania,2021,12964056,68957
Pennsylvania,2022,12972008,71798
Pennsylvania,2023,12961683,73824
Puerto Rico,2005,3865280,17184
Puerto Rico,2006,3927776,17621
Puerto Rico,2007,3942375,17741
Puerto Rico,2008,3954037,18401
Puerto Rico,2009,3967288,18314
Puerto Rico,2010,3722133,18862
Puerto Rico,2011,3706690,18660
Puerto Rico,2012,3667084,19429
Puerto Rico,2013,3615086,19183
Puerto Rico,2014,3548397,18928
Puerto Rico,2015,3474182,18626
Puerto Rico,2016,3411307,20078
Puerto Rico,2017,3337177,19343
Puerto Rico,2018,3195153,20296
Puerto Rico,2019,3193694,20474
Puerto Rico,2021,3263584,22237
Puerto Rico,2022,3221789,24112
Puerto Rico,2023,3205691,25621
Rhode Island,2005,1032662,51458
Rhode Island,2006,1067610,51814
Rhode Island,2007,1057832,53568
Rhode Island,2008,1050788,55701
Rhode Island,2009,1053209,54119
Rhode Island,2010,1052886,52254
Rhode Island,2011,1051302,53636
Rhode Island,2012,1050292,54554
Rhode Island,2013,1051511,55902
Rhode Island,2014,1055173,54891
Rhode Island,2015,1056298,58073
Rhode Island,2016,1056426,60596
Rhode Island,2017,1059639,63870
Rhode Island,2018,1057315,64340
Rhode Island,2019,1059361,71169
Rhode Island,2021,1095610,74008
Rhode Island,2022,1093734,81854
Rhode Island,2023,1095962,84972
South Carolina,2005,4113961,39316
South Carolina,2006,4321249,41100
South Carolina,2007,4407709,43329
South Carolina,2008,4479800,44625
South Carolina,2009,4561242,42442
South Carolina,2010,4636312,42018
South Carolina,2011,4679230,42367
South Carolina,2012,4723723,43107
South Carolina,2013,4774839,44163
South Carolina,2014,4832482,45238
South Carolina,2015,4896146,47238
South Carolina,2016,4961119,49501
South Carolina,2017,5024369,50570
South Carolina,2018,5084127,52306
South Carolina,2019,5148714,56227
South Carolina,2021,5190705,59318
South Carolina,2022,5282634,64115
South Carolina,2023,5373555,67804
South Dakota,2005,746033,40310
South Dakota,2006,781919,42791
South Dakota,2007,796215,43424
South Dakota,2008,804194,46032
South Dakota,2009,812383,45043
South Dakota,2010,816463,45904
South Dakota,2011,824082,48321
South Dakota,2012,833354,48362
South Dakota,2013,844877,48947
South Dakota,2014,853175,50979
South Dakota,2015,858469,53017
South Dakota,2016,865454,54467
South Dakota,2017,869666,56521
South Dakota,2018,882235,56274
South Dakota,2019,884659,59533
South Dakota,2021,895376,66143
South Dakota,2022,909824,69728
South Dakota,2023,919318,71810
Tennessee,2005,5810590,38874
Tennessee,2006,6038803,40315
Tennessee,2007,6156719,42367
Tennessee,2008,6214888,43614
Tennessee,2009,6296254,41725
Tennessee,2010,6356897,41461
Tennessee,2011,6403353,41693
Tennessee,2012,6456243,42764
Tennessee,2013,6495978,44297
Tennessee,2014,6549352,44361
Tennessee,2015,6600299,47275
Tennessee,2016,6651194,48547
Tennessee,2017,6715984,51340
Tennessee,2018,6770010,52375
Tennessee,2019,6829174,56071
Tennessee,2021,6975218,59695
Tennessee,2022,7051339,65254
Tennessee,2023,7126489,67631
Texas,2005,22270165,42139
Texas,2006,23507783,44922
Texas,2007,23904380,47548
Texas,2008,24326974,50043
Texas,2009,24782302,48259
Texas,2010,25257114,48615
Texas,2011,25674681,49392
Texas,2012,26059203,50740
Texas,2013,26448193,51704
Texas,2014,26956958,53035
Texas,2015,27469114,55653
Texas,2016,27862596,56565
Texas,2017,28304596,59206
Texas,2018,28701845,60629
Texas,2019,28995881,64034
Texas,2021,29527941,66963
Texas,2022,30029572,72284
Texas,2023,30503301,75780
Utah,2005,2427350,47934
Utah,2006,2550063,51309
Utah,2007,2645330,55109
Utah,2008,2736424,56633
Utah,2009,2784572,55117
Utah,2010,2776469,54744
Utah,2011,2817222,55869
Utah,2012,2855287,57049
Utah,2013,2900872,59770
Utah,2014,2942902,60922
Utah,2015,2995919,62912
Utah,2016,3051217,65977
Utah,2017,3101833,68358
Utah,2018,3161105,71414
Utah,2019,3205958,75780
Utah,2021,3337975,79449
Utah,2022,3380800,89168
Utah,2023,3417734,93421
Vermont,2005,602290,45686
Vermont,2006,623908,47665
Vermont,2007,621254,49907
Vermont,2008,621270,52104
Vermont,2009,621760,51618
Vermont,2010,625960,49406
Vermont,2011,626431,52776
Vermont,2012,626011,52977
Vermont,2013,626630,52578
Vermont,2014,626562,54166
Vermont,2015,626042,56990
Vermont,2016,624594,57677
Vermont,2017,623657,57513
Vermont,2018,626299,60782
Vermont,2019,623989,63001
Vermont,2021,645570,72431
Vermont,2022,647064,73991
Vermont,2023,647464,81211
Virginia,2005,7332608,54240
Virginia,2006,7642884,56277
Virginia,2007,7712091,59562
Virginia,2008,7769089,61233
Virginia,2009,7882590,59330
Virginia,2010,8024617,60674
Virginia,2011,8096604,61882
Virginia,2012,8185867,61741
Virginia,2013,8260405,62666
Virginia,2014,8326289,64902
Virginia,2015,8382993,66262
Virginia,2016,8411808,68114
Virginia,2017,8470020,71535
Virginia,2018,8517685,72577
Virginia,2019,8535519,76456
Virginia,2021,8642274,80963
Virginia,2022,8683619,85873
Virginia,2023,8715698,89931
Washington,2005,6146338,49262
Washington,2006,6395798,52583
Washington,2007,6468424,55591
Washington,2008,6549224,58078
Washington,2009,6664195,56548
Washington,2010,6744496,55631
Washington,2011,6830038,56835
Washington,2012,6897012,57573
Washington,2013,6971406,58405
Washington,2014,7061530,61366
Washington,2015,7170351,64129
Washington,2016,7288000,67106
Washington,2017,7405743,70979
Washington,2018,7535591,74073
Washington,2019,7614893,78687
Washington,2021,7738692,84247
Washington,2022,7785786,91306
Washington,2023,7812880,94605
West Virginia,2005,1771750,33452
West Virginia,2006,1818470,35059
West Virginia,2007,1812035,37060
West Virginia,2008,1814468,37989
West Virginia,2009,1819777,37435
West Virginia,2010,1853973,38218
West Virginia,2011,1855364,38482
West Virginia,2012,1855413,40196
West Virginia,2013,1854304,41253
West Virginia,2014,1850326,41059
West Virginia,2015,1844128,42019
West Virginia,2016,1831102,43385
West Virginia,2017,1815857,43469
West Virginia,2018,1805832,44097
West Virginia,2019,1792147,48850
West Virginia,2021,1782959,51248
West Virginia,2022,1775156,54329
West Virginia,2023,1770071,55948
Wisconsin,2005,5375751,47105
Wisconsin,2006,5556506,48772
Wisconsin,2007,5601640,50578
Wisconsin,2008,5627968,52094
Wisconsin,2009,5654774,49993
Wisconsin,2010,5691047,49001
Wisconsin,2011,5711767,50395
Wisconsin,2012,5726398,51059
Wisconsin,2013,5742713,51467
Wisconsin,2014,5757564,52622
Wisconsin,2015,5771337,55638
Wisconsin,2016,5778709,56811
Wisconsin,2017,5795483,59305
Wisconsin,2018,5813568,60773
Wisconsin,2019,5822434,64168
Wisconsin,2021,5895908,67125
Wisconsin,2022,5892539,70996
Wisconsin,2023,5910955,74631
Wyoming,2005,495226,46202
Wyoming,2006,515004,47423
Wyoming,2007,522830,51731
Wyoming,2008,532668,53207
Wyoming,2009,544270,52664
Wyoming,2010,564460,53512
Wyoming,2011,568158,56322
Wyoming,2012,576412,54901
Wyoming,2013,582658,58752
Wyoming,2014,584153,57055
Wyoming,2015,586107,60214
Wyoming,2016,585501,59882
Wyoming,2017,579315,60434
Wyoming,2018,577737,61584
Wyoming,2019,578759,65003
Wyoming,2021,578803,65204
Wyoming,2022,581381,70042
Wyoming,2023,584057,72415
